Company_ID,Company_Name,Sectors,Trading_Codes,Scrip_Codes,Websites,Urls
DSE-1-8216,aamra networks limited,IT Sector,AAMRANET, 22649, http://www.aamra.com.bd,https://www.dsebd.org/displayCompany.php?name=AAMRANET
DSE-2-9128,aamra technologies limited,IT Sector,AAMRATECH, 22647, http://www.aamra.com.bd,https://www.dsebd.org/displayCompany.php?name=AAMRATECH
DSE-3-1079,AB Bank 1st Mutual fund,Mutual Funds,ABB1STMF, 12189, http://www.abb1stmf.com/,https://www.dsebd.org/displayCompany.php?name=ABB1STMF
DSE-4-2636,AB Bank Limited,Bank,ABBANK, 11101, http://www.abbl.com,https://www.dsebd.org/displayCompany.php?name=ABBANK
DSE-5-4764,AB Bank Perpetual Bond,Textile,ABBLPBOND, 17477, https://www.amancotton.com,https://www.dsebd.org/displayCompany.php?name=ACFL
DSE-6-8986,Aman Cotton Fibrous Limited,Pharmaceuticals & Chemicals,ACFL, 18455, http://www.aci-bd.com,https://www.dsebd.org/displayCompany.php?name=ACI
DSE-7-3101,ACI  Limited,Pharmaceuticals & Chemicals,ACI, 18480, http://www.aci-bd.com/acifl/,https://www.dsebd.org/displayCompany.php?name=ACIFORMULA
DSE-8-5328,ACI Formulations Limited,Pharmaceuticals & Chemicals,ACIFORMULA, 18491, http://www.acmeglobal.com,https://www.dsebd.org/displayCompany.php?name=ACMELAB
DSE-9-4457,The ACME Laboratories Limited,Pharmaceuticals & Chemicals,ACMELAB, 18496, http://www.acmepesticides.com,https://www.dsebd.org/displayCompany.php?name=ACMEPL
DSE-10-2149,ACME Pesticides Limited,Pharmaceuticals & Chemicals,ACMEPL, 18483, http://www.afchem.com,https://www.dsebd.org/displayCompany.php?name=ACTIVEFINE
DSE-11-3037,Active Fine Chemicals Limited,IT Sector,ACTIVEFINE, 22651, http://www.adntel.com.bd,https://www.dsebd.org/displayCompany.php?name=ADNTEL
DSE-12-7292,ADN Telecom Limited,Pharmaceuticals & Chemicals,ADNTEL, 18492, http://www.adventpharmabd.com,https://www.dsebd.org/displayCompany.php?name=ADVENT
DSE-13-2810,Advent Pharma Limited,Pharmaceuticals & Chemicals,ADVENT, 18489, http://www.afcagrobiotech.com,https://www.dsebd.org/displayCompany.php?name=AFCAGRO
DSE-14-3585,AFC Agro Biotech Ltd.,Engineering,AFCAGRO, 13201, http://aftabautomobiles.com,https://www.dsebd.org/displayCompany.php?name=AFTABAUTO
DSE-15-1778,Aftab Automobiles Limited,IT Sector,AFTABAUTO, 22645, http://www.agni.com,https://www.dsebd.org/displayCompany.php?name=AGNISYSL
DSE-16-3847,Agni Systems Ltd.,Insurance,AGNISYSL, 25722, http://www.agraniinsurance.com,https://www.dsebd.org/displayCompany.php?name=AGRANINS
DSE-17-4680,Agrani Insurance Co. Ltd.,Mutual Funds,AGRANINS, 12183, http://www.lrglobalbd.com,https://www.dsebd.org/displayCompany.php?name=AIBL1STIMF
DSE-18-2238,AIBL 1st Islamic Mutual Fund,Corporate Bond,AIBL1STIMF, 26005, http://www.al-arafahbank.com,https://www.dsebd.org/displayCompany.php?name=AIBLPBOND
DSE-19-8308,AIBL Mudaraba Perpetual Bond,Textile,AIBLPBOND, 17436, http://ail.com.bd,https://www.dsebd.org/displayCompany.php?name=AIL
DSE-20-3744,Alif Industries Limited,Textile,AIL, 17401, http://www.alhajtextilemills.com,https://www.dsebd.org/displayCompany.php?name=AL-HAJTEX
DSE-21-3355,Al-Haj Textile Mills Limited,Bank,AL-HAJTEX, 11115, http://www.aibl.com.bd,https://www.dsebd.org/displayCompany.php?name=ALARABANK
DSE-22-1706,Al-Arafah Islami Bank Ltd,Textile,ALARABANK, 17444, http://amcl.com.bd,https://www.dsebd.org/displayCompany.php?name=ALIF
DSE-23-6145,Alif Manufacturing Company Ltd.,Textile,ALIF, 17440, http://www.alltexbd.com,https://www.dsebd.org/displayCompany.php?name=ALLTEX
DSE-24-9209,Alltex Industries Ltd.,Miscellaneous,ALLTEX, 99641, http://www.amanfeed.com,https://www.dsebd.org/displayCompany.php?name=AMANFEED
DSE-25-8398,Aman Feed Limited,Pharmaceuticals & Chemicals,AMANFEED, 18451, http://www.ambeepharma.com,https://www.dsebd.org/displayCompany.php?name=AMBEEPHA
DSE-26-9888,Ambee Pharmaceuticals  Ltd.,Food & Allied,AMBEEPHA, 14277, https://www.amclpran.com/,https://www.dsebd.org/displayCompany.php?name=AMCL(PRAN)
DSE-27-7619,Agricultural Marketing Company Ltd. (Pran,Textile,AMCL(PRAN), 17441, http://www.anlima.com,https://www.dsebd.org/displayCompany.php?name=ANLIMAYARN
DSE-28-7767,Anlimayarn Dyeing Ltd.,Engineering,ANLIMAYARN, 13221, http://www.anwargalvanizing.com,https://www.dsebd.org/displayCompany.php?name=ANWARGALV
DSE-29-2905,Anwar Galvanizing Ltd.,Fuel & Power,ANWARGALV, 15321, http://www.associatedoxygenltd.com,https://www.dsebd.org/displayCompany.php?name=AOL
DSE-30-3926,Associated Oxygen Limited,Food & Allied,AOL, 14254, http://www.apexfoods.com,https://www.dsebd.org/displayCompany.php?name=APEXFOODS
DSE-31-1842,Apex Foods Limited,Tannery Industries,APEXFOODS, 23619, http://www.apexfootwearltd.com,https://www.dsebd.org/displayCompany.php?name=APEXFOOT
DSE-32-8534,Apex Footwear Limited.,Textile,APEXFOOT, 17421, http://www.apexknitting.com,https://www.dsebd.org/displayCompany.php?name=APEXSPINN
DSE-33-1218,Apex Spinning & Knitting Mills Limited,Tannery Industries,APEXSPINN, 23601, http://www.apextannery.com,https://www.dsebd.org/displayCompany.php?name=APEXTANRY
DSE-34-6769,Apex Tannery Limited,Engineering,APEXTANRY, 13233, ,https://www.dsebd.org/displayCompany.php?name=APOLOISPAT
DSE-35-4477,Appollo Ispat Complex Limited,Corporate Bond,APOLOISPAT, 26004, http://www.apscl.gov.bd,https://www.dsebd.org/displayCompany.php?name=APSCLBOND
DSE-36-9581,APSCL Non-Convertible and Fully Redeemable Coupon Bearing Bond,Miscellaneous,APSCLBOND, 99602, http://www.aramitlimited.com,https://www.dsebd.org/displayCompany.php?name=ARAMIT
DSE-37-8220,Aramit Limited,Cement,ARAMIT, 21633, http://www.aramitcement.com,https://www.dsebd.org/displayCompany.php?name=ARAMITCEM
DSE-38-4016,Aramit Cement Limited,Textile,ARAMITCEM, 17456, http://www.argondenims.com,https://www.dsebd.org/displayCompany.php?name=ARGONDENIM
DSE-39-8925,Argon Denims Limited,Insurance,ARGONDENIM, 25740, http://www.asiainsurancebd.com,https://www.dsebd.org/displayCompany.php?name=ASIAINS
DSE-40-1052,Asia Insurance Limited,Insurance,ASIAINS, 25729, http://www.apgicl.com,https://www.dsebd.org/displayCompany.php?name=ASIAPACINS
DSE-41-8368,Asia Pacific General Insurance Co. Ltd.,Mutual Funds,ASIAPACINS, 12195, http://www.at-capital.com,https://www.dsebd.org/displayCompany.php?name=ATCSLGF
DSE-42-1250,Asian Tiger Sandhani Life Growth Fund,Engineering,ATCSLGF, 13212, http://www.atlas.gov.bd,https://www.dsebd.org/displayCompany.php?name=ATLASBANG
DSE-43-1325,Atlas Bangladesh Ltd.,Engineering,ATLASBANG, 13202, http://www.azizpipes.com,https://www.dsebd.org/displayCompany.php?name=AZIZPIPES
DSE-44-5427,Aziz Pipes Ltd.,Food & Allied,AZIZPIPES, 14257, http://www.bangas.com.bd,https://www.dsebd.org/displayCompany.php?name=BANGAS
DSE-45-8949,Bangas Ltd.,Bank,BANGAS, 11127, http://www.bankasia-bd.com,https://www.dsebd.org/displayCompany.php?name=BANKASIA
DSE-46-9346,Bank Asia Ltd.,Fuel & Power,BANKASIA, 15313, http://www.barakapower.com,https://www.dsebd.org/displayCompany.php?name=BARKAPOWER
DSE-47-2060,Baraka Power Limited,Tannery Industries,BARKAPOWER, 23603, http://www.batabd.com,https://www.dsebd.org/displayCompany.php?name=BATASHOE
DSE-48-4898,Bata Shoe Company (Bangladesh,Food & Allied,BATASHOE, 14259, http://www.batbangladesh.com,https://www.dsebd.org/displayCompany.php?name=BATBC
DSE-49-1999,British American Tobacco Bangladesh Company Limited,Financial Institutions,BATBC, 11148, http://www.blilbd.com,https://www.dsebd.org/displayCompany.php?name=BAYLEASING
DSE-50-9315,Bay Leasing & Investment Limited,Engineering,BAYLEASING, 13232, http://www.bbspeb.com,https://www.dsebd.org/displayCompany.php?name=BBS
DSE-51-9825,Bangladesh Building Systems Ltd.,Engineering,BBS, 13242, http://www.bbscables.com.bd,https://www.dsebd.org/displayCompany.php?name=BBSCABLES
DSE-52-6386,BBS Cables Limited,Engineering,BBSCABLES, 13213, http://www.bdautocars.com/,https://www.dsebd.org/displayCompany.php?name=BDAUTOCA
DSE-53-6509,Bangladesh Autocars Ltd.,IT Sector,BDAUTOCA, 22643, http://www.bdcom.com,https://www.dsebd.org/displayCompany.php?name=BDCOM
DSE-54-7470,BDCOM Online Ltd.,Financial Institutions,BDCOM, 11142, http://www.bd.finance,https://www.dsebd.org/displayCompany.php?name=BDFINANCE
DSE-55-1400,Bangladesh Finance Limited,Engineering,BDFINANCE, 13204, http://www.bll.com.bd,https://www.dsebd.org/displayCompany.php?name=BDLAMPS
DSE-56-2086,Bangladesh Lamps Limited,Travel & Leisure,BDLAMPS, 20552, http://www.bsl.gov.bd,https://www.dsebd.org/displayCompany.php?name=BDSERVICE
DSE-57-5536,Bangladesh Services Ltd.,Engineering,BDSERVICE, 13219, http://www.btaalu.com,https://www.dsebd.org/displayCompany.php?name=BDTHAI
DSE-58-6384,Bd.Thai Aluminium Ltd.,Food & Allied,BDTHAI, 14297, http://www.btfbl.com,https://www.dsebd.org/displayCompany.php?name=BDTHAIFOOD
DSE-59-8594,BD Thai Food & Beverage Limited,Fuel & Power,BDTHAIFOOD, 15305, http://www.bwelbd.com,https://www.dsebd.org/displayCompany.php?name=BDWELDING
DSE-60-4901,Bangladesh Welding Electrodes Ltd.,Food & Allied,BDWELDING, 14291, http://bhlbd.net,https://www.dsebd.org/displayCompany.php?name=BEACHHATCH
DSE-61-7294,Beach Hatchery Ltd.,Pharmaceuticals & Chemicals,BEACHHATCH, 18482, http://www.beaconpharma.com.bd,https://www.dsebd.org/displayCompany.php?name=BEACONPHAR
DSE-62-5549,Beacon Pharmaceuticals PLC,Engineering,BEACONPHAR, 13231, http://www.windsor.bengalgroup.com,https://www.dsebd.org/displayCompany.php?name=BENGALWTL
DSE-63-9682,Bengal Windsor Thermoplastics Ltd.,Miscellaneous,BENGALWTL, 99638, https://www.bergerbd.com,https://www.dsebd.org/displayCompany.php?name=BERGERPBL
DSE-64-5613,Berger Paints Bangladesh Ltd.,Corporate Bond,BERGERPBL, 26008, ,https://www.dsebd.org/displayCompany.php?name=BEXGSUKUK
DSE-65-2535,Beximco Green Sukuk Al Istisna'a,Miscellaneous,BEXGSUKUK, 99613, http://www.beximco.com,https://www.dsebd.org/displayCompany.php?name=BEXIMCO
DSE-66-4157,Bangladesh Export Import Company Ltd.,Insurance,BEXIMCO, 25701, http://www.bgicinsure.com,https://www.dsebd.org/displayCompany.php?name=BGIC
DSE-67-4577,Bangladesh General Insurance Company Ltd.,Financial Institutions,BGIC, 11136, http://www.bifcol.com,https://www.dsebd.org/displayCompany.php?name=BIFC
DSE-68-1586,Bangladesh Industrial Fin. Co. Ltd.,Insurance,BIFC, 25747, http://www.bnicl.net,https://www.dsebd.org/displayCompany.php?name=BNICL
DSE-69-3757,Bangladesh National Insurance Company Limited,Paper & Printing,BNICL, 19512, http://www.bashundharapapermills.com,https://www.dsebd.org/displayCompany.php?name=BPML
DSE-70-7862,Bashundhara Paper Mills Limited,Fuel & Power,BPML, 15324, http://www.bpplbd.com,https://www.dsebd.org/displayCompany.php?name=BPPL
DSE-71-2759,Baraka Patenga Power Limited,Bank,BPPL, 11138, http://www.bracbank.com,https://www.dsebd.org/displayCompany.php?name=BRACBANK
DSE-72-3331,BRAC Bank Ltd.,Miscellaneous,BRACBANK, 99604, http://www.bsc.gov.bd,https://www.dsebd.org/displayCompany.php?name=BSC
DSE-73-9645,Bangladesh Shipping Corporation,Telecommunication,BSC, 27002, http://www.bsccl.com.bd,https://www.dsebd.org/displayCompany.php?name=BSCCL
DSE-74-3730,Bangladesh Submarine Cable Company Limited,Engineering,BSCCL, 13238, http://www.bsrm.com,https://www.dsebd.org/displayCompany.php?name=BSRMLTD
DSE-75-7780,Bangladesh Steel Re-Rolling Mills Limited,Engineering,BSRMLTD, 13227, http://www.bsrm.com,https://www.dsebd.org/displayCompany.php?name=BSRMSTEEL
DSE-76-7252,BSRM Steels Limited,Pharmaceuticals & Chemicals,BSRMSTEEL, 18453, http://www.beximcopharma.com,https://www.dsebd.org/displayCompany.php?name=BXPHARMA
DSE-77-7929,Beximco Pharmaceuticals Ltd.,Pharmaceuticals & Chemicals,BXPHARMA, 18470, http://www.beximcosynthetics.com,https://www.dsebd.org/displayCompany.php?name=BXSYNTH
DSE-78-7153,Beximco Synthetics Ltd.,Mutual Funds,BXSYNTH, 12199, http://www.capmbd.com,https://www.dsebd.org/displayCompany.php?name=CAPMBDBLMF
DSE-79-8132,CAPM BDBL Mutual Fund 01,Mutual Funds,CAPMBDBLMF, 12202, http://www.capmbd.com,https://www.dsebd.org/displayCompany.php?name=CAPMIBBLMF
DSE-80-8021,CAPM IBBL Islamic Mutual Fund,Corporate Bond,CAPMIBBLMF, 26011, ,https://www.dsebd.org/displayCompany.php?name=CBLPBOND
DSE-81-8873,City Bank Perpetual Bond,Insurance,CBLPBOND, 25709, http://www.cicl-bd.com,https://www.dsebd.org/displayCompany.php?name=CENTRALINS
DSE-82-8248,Central Insurance Company Ltd.,Pharmaceuticals & Chemicals,CENTRALINS, 18488, http://www.centralphl.com,https://www.dsebd.org/displayCompany.php?name=CENTRALPHL
DSE-83-7588,Central Pharmaceuticals Limited,Bank,CENTRALPHL, 11102, http://www.thecitybank.com,https://www.dsebd.org/displayCompany.php?name=CITYBANK
DSE-84-8076,The City Bank Ltd.,Insurance,CITYBANK, 25734, http://www.cityinsurance.com.bd,https://www.dsebd.org/displayCompany.php?name=CITYGENINS
DSE-85-4476,City General Insurance Co. Ltd.,Insurance,CITYGENINS, 25755, http://www.charteredlifebd.com,https://www.dsebd.org/displayCompany.php?name=CLICL
DSE-86-3713,Chartered Life Insurance Company Limited,Textile,CLICL, 17465, ,https://www.dsebd.org/displayCompany.php?name=CNATEX
DSE-87-9554,C & A Textiles Limited,Cement,CNATEX, 21621, http://www.confidencecement.com.bd,https://www.dsebd.org/displayCompany.php?name=CONFIDCEM
DSE-88-4831,Confidence Cement Ltd.,Insurance,CONFIDCEM, 25735, http://www.cilbd.com,https://www.dsebd.org/displayCompany.php?name=CONTININS
DSE-89-7138,Continental Insurance Ltd.,Engineering,CONTININS, 13247, http://www.coppertechbd.com,https://www.dsebd.org/displayCompany.php?name=COPPERTECH
DSE-90-8875,Coppertech Industries Limited,Cement,COPPERTECH, 21644, http://www.crowncement.com,https://www.dsebd.org/displayCompany.php?name=CROWNCEMNT
DSE-91-2517,Crown Cement PLC.,Insurance,CROWNCEMNT, 25749, https://www.ciclbd.com/,https://www.dsebd.org/displayCompany.php?name=CRYSTALINS
DSE-92-6000,Crystal Insurance Company Limited,Fuel & Power,CRYSTALINS, 14269, http://www.cvopetro.com,https://www.dsebd.org/displayCompany.php?name=CVOPRL
DSE-93-4342,CVO Petrochemical Refinery Limited,Textile,CVOPRL, 17449, http://www.dacca-dyeing.com,https://www.dsebd.org/displayCompany.php?name=DACCADYE
DSE-94-8730,The Dacca Dyeing & Manufacturing Co.Ltd.,IT Sector,DACCADYE, 22646, https://daffodil-bd.com/,https://www.dsebd.org/displayCompany.php?name=DAFODILCOM
DSE-95-3548,Daffodil Computers Ltd.,Financial Institutions,DAFODILCOM, 20621, http://www.deltabrac.com,https://www.dsebd.org/displayCompany.php?name=DBH
DSE-96-6811,DBH Finance PLC.,Mutual Funds,DBH, 12174, http://www.lrglobalbd.com,https://www.dsebd.org/displayCompany.php?name=DBH1STMF
DSE-97-8097,DBH First Mutual Fund,Corporate Bond,DBH1STMF, 26012, ,https://www.dsebd.org/displayCompany.php?name=DBLPBOND
DSE-98-6884,Dhaka Bank Perpetual Bond,Debenture,DBLPBOND, 91633, ,https://www.dsebd.org/displayCompany.php?name=DEBARACEM
DSE-99-6874,Aramit Cement Ltd.(Deb-14%,Debenture,DEBARACEM, 91625, ,https://www.dsebd.org/displayCompany.php?name=DEBBDLUGG
DSE-100-8189,Bangladesh Luggage Ind. Ltd.(Deb-14%,Debenture,DEBBDLUGG, 91305, ,https://www.dsebd.org/displayCompany.php?name=DEBBDWELD
DSE-101-9416,BD Welding Electrodes Ltd.(Deb-15%,Debenture,DEBBDWELD, 91432, ,https://www.dsebd.org/displayCompany.php?name=DEBBDZIPP
DSE-102-7429,Bangladesh Zipper Ind. Ltd.(Deb-14%,Debenture,DEBBDZIPP, 91433, ,https://www.dsebd.org/displayCompany.php?name=DEBBXDENIM
DSE-103-7491,Beximco Denims Ltd.(Deb-14%,Debenture,DEBBXDENIM, 91273, ,https://www.dsebd.org/displayCompany.php?name=DEBBXFISH
DSE-104-6483,Beximco Fisheries Ltd.(Deb-14%,Debenture,DEBBXFISH, 91422, ,https://www.dsebd.org/displayCompany.php?name=DEBBXKNI
DSE-105-4752,Beximco Knitting Ltd.(Deb-14%,Debenture,DEBBXKNI, 91431, ,https://www.dsebd.org/displayCompany.php?name=DEBBXTEX
DSE-106-8621,Beximco Textiles Ltd.(Deb-14%,Insurance,DEBBXTEX, 25716, http://www.deltalife.org,https://www.dsebd.org/displayCompany.php?name=DELTALIFE
DSE-107-8005,Delta Life Insurance Company Ltd.,Textile,DELTALIFE, 17427, http://www.delta-spinners.com.,https://www.dsebd.org/displayCompany.php?name=DELTASPINN
DSE-108-6555,Delta Spinners Ltd.,Fuel & Power,DELTASPINN, 15307, http://www.desco.org.bd,https://www.dsebd.org/displayCompany.php?name=DESCO
DSE-109-8122,Dhaka Electric Supply Company Ltd.,Engineering,DESCO, 13229, http://www.deshbandhupolymer.com,https://www.dsebd.org/displayCompany.php?name=DESHBANDHU
DSE-110-6556,Deshbandhu Polymer Limited,Insurance,DESHBANDHU, 25750, http://www.deshinsurancebd.com,https://www.dsebd.org/displayCompany.php?name=DGIC
DSE-111-6498,Desh General Insurance Company Limited,Bank,DGIC, 11118, http://www.dhakabankltd.com,https://www.dsebd.org/displayCompany.php?name=DHAKABANK
DSE-112-4623,Dhaka Bank Ltd.,Insurance,DHAKABANK, 25744, http://www.dhakainsurancebd.com,https://www.dsebd.org/displayCompany.php?name=DHAKAINS
DSE-113-3967,Dhaka Insurance Limited,Engineering,DHAKAINS, 13249, http://www.dominage.net,https://www.dsebd.org/displayCompany.php?name=DOMINAGE
DSE-114-6784,Dominage Steel Building Systems Limited,Fuel & Power,DOMINAGE, 15319, http://www.doreenpower.com,https://www.dsebd.org/displayCompany.php?name=DOREENPWR
DSE-115-1510,Doreen Power Generations and Systems Limited,Textile,DOREENPWR, 17415, http://www.deshgroup.com/desh-garments-ltd.html,https://www.dsebd.org/displayCompany.php?name=DSHGARME
DSE-116-5573,Desh Garments Ltd.,Textile,DSHGARME, 17471, http://www.dsslbd.com,https://www.dsebd.org/displayCompany.php?name=DSSL
DSE-117-8233,Dragon Sweater and Spinning Limited,Textile,DSSL, 17416, http://www.dulamiabd.com,https://www.dsebd.org/displayCompany.php?name=DULAMIACOT
DSE-118-7055,Dulamia Cotton Spinning Mills Ltd.,Bank,DULAMIACOT, 11121, http://www.dutchbanglabank.com,https://www.dsebd.org/displayCompany.php?name=DUTCHBANGL
DSE-119-8277,Dutch-Bangla Bank Ltd.,Insurance,DUTCHBANGL, 25705, http://www.easterninsurancebd.com,https://www.dsebd.org/displayCompany.php?name=EASTERNINS
DSE-120-1734,Eastern Insurance Company Ltd.,Insurance,EASTERNINS, 25708, http://www.eastlandinsurance.com,https://www.dsebd.org/displayCompany.php?name=EASTLAND
DSE-121-5886,Eastland Insurance Company Ltd.,Fuel & Power,EASTLAND, 15303, http://www.elbl.gov.bd,https://www.dsebd.org/displayCompany.php?name=EASTRNLUB
DSE-122-1145,Eastern Lubricants Blenders Limited,Bank,EASTRNLUB, 11112, http://www.ebl.com.bd,https://www.dsebd.org/displayCompany.php?name=EBL
DSE-123-4139,Eastern Bank Ltd.,Mutual Funds,EBL, 12169, http://www.ebl1stmf.com/,https://www.dsebd.org/displayCompany.php?name=EBL1STMF
DSE-124-2646,EBL First Mutual Fund,Mutual Funds,EBL1STMF, 12186, http://www.eblnrbmf.com/,https://www.dsebd.org/displayCompany.php?name=EBLNRBMF
DSE-125-5816,EBL NRB Mutual Fund,Engineering,EBLNRBMF, 13206, http://www.easterncables.gov.bd,https://www.dsebd.org/displayCompany.php?name=ECABLES
DSE-126-2480,Eastern Cables Ltd.,IT Sector,ECABLES, 22652, http://www.egeneration.co,https://www.dsebd.org/displayCompany.php?name=EGEN
DSE-127-6429,eGeneration Limited,Services & Real Estate,EGEN, 20620, http://www.easternhousing.com,https://www.dsebd.org/displayCompany.php?name=EHL
DSE-128-8806,Eastern Housing Limited,Insurance,EHL, 25748, http://www.eilbd.com,https://www.dsebd.org/displayCompany.php?name=EIL
DSE-129-9330,Express Insurance Limited,Food & Allied,EIL, 14295, http://www.spondonoil.com,https://www.dsebd.org/displayCompany.php?name=EMERALDOIL
DSE-130-5697,Emerald Oil Industries Ltd.,Textile,EMERALDOIL, 17455, http://www.envoytextiles.com,https://www.dsebd.org/displayCompany.php?name=ENVOYTEX
DSE-131-9372,Envoy Textiles Limited,Fuel & Power,ENVOYTEX, 15322, http://www.energypac.com,https://www.dsebd.org/displayCompany.php?name=EPGL
DSE-132-3538,Energypac Power Generation Limited,Textile,EPGL, 17481, http://www.esquireknit.com,https://www.dsebd.org/displayCompany.php?name=ESQUIRENIT
DSE-133-2033,Esquire Knit Composite PLC,Textile,ESQUIRENIT, 17472, http://www.evincetextiles.com,https://www.dsebd.org/displayCompany.php?name=ETL
DSE-134-5901,Evince Textiles Limited,Mutual Funds,ETL, 12194, http://www.exim1stmf.com/,https://www.dsebd.org/displayCompany.php?name=EXIM1STMF
DSE-135-4778,EXIM Bank 1st Mutual Fund,Bank,EXIM1STMF, 11129, http://www.eximbankbd.com,https://www.dsebd.org/displayCompany.php?name=EXIMBANK
DSE-136-2424,Export Import (Exim,Textile,EXIMBANK, 17457, http://www.familytexbd.com,https://www.dsebd.org/displayCompany.php?name=FAMILYTEX
DSE-137-9032,Familytex (BD,Pharmaceuticals & Chemicals,FAMILYTEX, 18490, http://www.farchemicalbd.com,https://www.dsebd.org/displayCompany.php?name=FARCHEM
DSE-138-5087,Far Chemical Industries Limited,Financial Institutions,FARCHEM, 28023, http://www.ffilbd.com,https://www.dsebd.org/displayCompany.php?name=FAREASTFIN
DSE-139-7580,Fareast Finance & Investment Limited,Insurance,FAREASTFIN, 25725, http://www.fareastislamilife.com,https://www.dsebd.org/displayCompany.php?name=FAREASTLIF
DSE-140-2757,Fareast Islami Life Insurance Co. Ltd.,Financial Institutions,FAREASTLIF, 11146, http://www.fasbd.com,https://www.dsebd.org/displayCompany.php?name=FASFIN
DSE-141-1247,FAS Finance & Investment Limited,Mutual Funds,FASFIN, 12191, http://www.fbfif.com/,https://www.dsebd.org/displayCompany.php?name=FBFIF
DSE-142-3539,First Bangladesh Fixed Income Fund,Insurance,FBFIF, 25713, http://www.federalinsubd.com,https://www.dsebd.org/displayCompany.php?name=FEDERALINS
DSE-143-3197,Federal Insurance Company Ltd.,Textile,FEDERALINS, 17462, http://www.fareastknit.com,https://www.dsebd.org/displayCompany.php?name=FEKDIL
DSE-144-8921,Far East Knitting & Dyeing Industries Limited,Food & Allied,FEKDIL, 14292, http://www.finefoodslimited.com,https://www.dsebd.org/displayCompany.php?name=FINEFOODS
DSE-145-1299,Fine Foods Limited,Financial Institutions,FINEFOODS, 11124, http://www.first-finance.com.bd,https://www.dsebd.org/displayCompany.php?name=FIRSTFIN
DSE-146-3589,First Finance Limited,Bank,FIRSTFIN, 11147, http://www.fsiblbd.com,https://www.dsebd.org/displayCompany.php?name=FIRSTSBANK
DSE-147-8050,First Security Islami Bank Limited,Tannery Industries,FIRSTSBANK, 23637, http://www.fortuneshoesbd.com,https://www.dsebd.org/displayCompany.php?name=FORTUNE
DSE-148-1477,Fortune Shoes Limited,Ceramics Sector,FORTUNE, 24632, http://www.fuwangceramic.com,https://www.dsebd.org/displayCompany.php?name=FUWANGCER
DSE-149-4380,Fu-Wang Ceramic Industries Ltd.,Food & Allied,FUWANGCER, 14286, http://www.fuwangfoodsltd.com/,https://www.dsebd.org/displayCompany.php?name=FUWANGFOOD
DSE-150-6715,Fu Wang Food Ltd.,Fuel & Power,FUWANGFOOD, 15315, http://www.gbb.com.bd,https://www.dsebd.org/displayCompany.php?name=GBBPOWER
DSE-151-9985,GBB Power Ltd.,Food & Allied,GBBPOWER, 14262, http://www.geminiseafood.com,https://www.dsebd.org/displayCompany.php?name=GEMINISEA
DSE-152-6769,Gemini Sea Food Ltd.,IT Sector,GEMINISEA, 22650, http://www.genexinfosys.com,https://www.dsebd.org/displayCompany.php?name=GENEXIL
DSE-153-2194,Genex Infosys Limited,Textile,GENEXIL, 17454, http://www.gnf-bd.com,https://www.dsebd.org/displayCompany.php?name=GENNEXT
DSE-154-4898,Generation Next Fashions Limited,Food & Allied,GENNEXT, 14294, http://www.goldenharvestbd.com,https://www.dsebd.org/displayCompany.php?name=GHAIL
DSE-155-2960,Golden Harvest Agro Industries Ltd.,Pharmaceuticals & Chemicals,GHAIL, 18485, http://www.ghclbd.com,https://www.dsebd.org/displayCompany.php?name=GHCL
DSE-156-2893,Global Heavy Chemicals Limited,Bank,GHCL, 11153, http://www.globalislamibankbd.com,https://www.dsebd.org/displayCompany.php?name=GIB
DSE-157-7119,Global Islami Bank PLC,Mutual Funds,GIB, 12204, http://www.icbamcl.com.bd,https://www.dsebd.org/displayCompany.php?name=GLDNJMF
DSE-158-3371,ICB AMCL CMSF Golden Jubilee Mutual Fund,Insurance,GLDNJMF, 25723, http://www.globalinsurancebd.com,https://www.dsebd.org/displayCompany.php?name=GLOBALINS
DSE-159-1793,Global Insurance Company Ltd.,Engineering,GLOBALINS, 13226, http://www.goldensonbd.com,https://www.dsebd.org/displayCompany.php?name=GOLDENSON
DSE-160-7348,Golden Son Ltd.,Telecommunication,GOLDENSON, 27001, http://www.grameenphone.com,https://www.dsebd.org/displayCompany.php?name=GP
DSE-161-8491,Grameenphone Ltd.,Engineering,GP, 13230, https://www.gphispat.com.bd/,https://www.dsebd.org/displayCompany.php?name=GPHISPAT
DSE-162-4253,GPH Ispat Ltd.,Miscellaneous,GPHISPAT, 99605, http://www.gq-group.com,https://www.dsebd.org/displayCompany.php?name=GQBALLPEN
DSE-163-4890,GQ Ball Pen Industries Ltd.,Mutual Funds,GQBALLPEN, 12167, http://www.aims-bangladesh.com,https://www.dsebd.org/displayCompany.php?name=GRAMEENS2
DSE-164-5181,Grameen One : Scheme Two,Mutual Funds,GRAMEENS2, 12179, http://www.lrglobalbd.com,https://www.dsebd.org/displayCompany.php?name=GREENDELMF
DSE-165-7066,Green Delta Mutual Fund,Insurance,GREENDELMF, 25702, http://www.green-delta.com,https://www.dsebd.org/displayCompany.php?name=GREENDELT
DSE-166-8517,Green Delta Insurance Ltd.,Financial Institutions,GREENDELT, 11149, http://www.gspfinance.com,https://www.dsebd.org/displayCompany.php?name=GSPFINANCE
DSE-167-5004,GSP Finance Company (Bangladesh,Paper & Printing,GSPFINANCE, 19510, http://www.hakkanigroup.com,https://www.dsebd.org/displayCompany.php?name=HAKKANIPUL
DSE-168-5425,Hakkani Pulp & Paper Mills Ltd.,Cement,HAKKANIPUL, 21614, http://www.heidelbergcementbd.com,https://www.dsebd.org/displayCompany.php?name=HEIDELBCEM
DSE-169-9666,Heidelberg Cement Bangladesh Ltd.,Textile,HEIDELBCEM, 17464, http://www.mahingroup.com,https://www.dsebd.org/displayCompany.php?name=HFL
DSE-170-9728,Hamid Fabrics Limited,Textile,HFL, 17442, http://www.pride-grp.com/hrt,https://www.dsebd.org/displayCompany.php?name=HRTEX
DSE-171-7037,H.R.Textile Ltd.,Textile,HRTEX, 17461, http://www.hwawelltex.com,https://www.dsebd.org/displayCompany.php?name=HWAWELLTEX
DSE-172-9754,Hwa Well Textiles (BD,Corporate Bond,HWAWELLTEX, 26006, ,https://www.dsebd.org/displayCompany.php?name=IBBL2PBOND
DSE-173-2068,IBBL 2nd Perpetual Mudaraba Bond,Corporate Bond,IBBL2PBOND, 26001, http://www.islamibankbd.com,https://www.dsebd.org/displayCompany.php?name=IBBLPBOND
DSE-174-5904,IBBL Mudaraba Perpetual Bond,Pharmaceuticals & Chemicals,IBBLPBOND, 18464, http://www.ibnsinapharma.com,https://www.dsebd.org/displayCompany.php?name=IBNSINA
DSE-175-4616,The IBN SINA  Pharmaceutical Industry PLC,Pharmaceuticals & Chemicals,IBNSINA, 18494, http://www.indo-banglapharma.com,https://www.dsebd.org/displayCompany.php?name=IBP
DSE-176-4688,Indo-Bangla Pharmaceuticals Limited,Financial Institutions,IBP, 12151, http://www.icb.gov.bd,https://www.dsebd.org/displayCompany.php?name=ICB
DSE-177-2476,Investment Corporation Of Bangladesh,Mutual Funds,ICB, 12177, http://www.icbamcl.com.bd,https://www.dsebd.org/displayCompany.php?name=ICB3RDNRB
DSE-178-7930,ICB AMCL Third NRB Mutual Fund,Mutual Funds,ICB3RDNRB, 12201, http://www.icbamcl.com.bd,https://www.dsebd.org/displayCompany.php?name=ICBAGRANI1
DSE-179-1075,ICB AMCL First Agrani Bank Mutual Fund,Mutual Funds,ICBAGRANI1, 12170, http://www.icbamcl.com.bd,https://www.dsebd.org/displayCompany.php?name=ICBAMCL2ND
DSE-180-5047,ICB AMCL Second Mutual Fund,Mutual Funds,ICBAMCL2ND, 12171, http://www.icbamcl.com.bd,https://www.dsebd.org/displayCompany.php?name=ICBEPMF1S1
DSE-181-3668,ICB Employees Provident MF 1: Scheme 1,Bank,ICBEPMF1S1, 11110, http://www.icbislamic-bd.com,https://www.dsebd.org/displayCompany.php?name=ICBIBANK
DSE-182-4563,ICB Islamic Bank Limited,Mutual Funds,ICBIBANK, 12193, http://www.icbamcl.com.bd,https://www.dsebd.org/displayCompany.php?name=ICBSONALI1
DSE-183-2230,ICB AMCL Sonali Bank Limited 1st Mutual Fund,Insurance,ICBSONALI1, 25756, http://www.iciclbd.com,https://www.dsebd.org/displayCompany.php?name=ICICL
DSE-184-5460,Islami Commercial Insurance Company Limited,Financial Institutions,ICICL, 11111, http://www.idlc.com,https://www.dsebd.org/displayCompany.php?name=IDLC
DSE-185-6660,IDLC Finance Ltd.,Engineering,IDLC, 13237, http://www.ifadautos.com,https://www.dsebd.org/displayCompany.php?name=IFADAUTOS
DSE-186-2521,IFAD Autos Limited,Bank,IFADAUTOS, 11103, http://www.ificbank.com.bd,https://www.dsebd.org/displayCompany.php?name=IFIC
DSE-187-5596,IFIC Bank PLC,Mutual Funds,IFIC, 12175, http://www.ific1stmf.com/,https://www.dsebd.org/displayCompany.php?name=IFIC1STMF
DSE-188-9971,IFIC Bank 1st Mutual Fund,Mutual Funds,IFIC1STMF, 12181, http://www.icbamcl.com.bd,https://www.dsebd.org/displayCompany.php?name=IFILISLMF1
DSE-189-6707,IFIL Islamic Mutual Fund-1,Financial Institutions,IFILISLMF1, 11143, http://www.ilfsl.com,https://www.dsebd.org/displayCompany.php?name=ILFSL
DSE-190-2189,International Leasing & Financial Services Ltd.,Pharmaceuticals & Chemicals,ILFSL, 18474, http://www.imambutton.com,https://www.dsebd.org/displayCompany.php?name=IMAMBUTTON
DSE-191-7032,Imam Button Industries Ltd.,Miscellaneous,IMAMBUTTON, 99643, http://www.index-agro.com,https://www.dsebd.org/displayCompany.php?name=INDEXAGRO
DSE-192-3813,Index Agro Industries Limited,IT Sector,INDEXAGRO, 22644, http://www.intech.com.bd,https://www.dsebd.org/displayCompany.php?name=INTECH
DSE-193-2738,Intech  Limited,Fuel & Power,INTECH, 15320, http://www.intracorefueling.com,https://www.dsebd.org/displayCompany.php?name=INTRACO
DSE-194-6385,Intraco Refueling Station Limited,Financial Institutions,INTRACO, 11137, http://www.ipdcbd.com,https://www.dsebd.org/displayCompany.php?name=IPDC
DSE-195-6913,IPDC Finance Limited,Bank,IPDC, 11104, http://www.islamibankbd.com,https://www.dsebd.org/displayCompany.php?name=ISLAMIBANK
DSE-196-5255,Islami Bank Bangladesh Limited,Financial Institutions,ISLAMIBANK, 11133, http://www.ifilbd.com,https://www.dsebd.org/displayCompany.php?name=ISLAMICFIN
DSE-197-2235,Islamic Finance & Investment Ltd.,Insurance,ISLAMICFIN, 25742, http://www.islamiinsurance.com,https://www.dsebd.org/displayCompany.php?name=ISLAMIINS
DSE-198-4521,Islami Insurance Bangladesh Limited,IT Sector,ISLAMIINS, 22641, http://www.bangla.net,https://www.dsebd.org/displayCompany.php?name=ISNLTD
DSE-199-8452,Information Services Network Ltd.,IT Sector,ISNLTD, 22648, http://www.itcbd.com,https://www.dsebd.org/displayCompany.php?name=ITC
DSE-200-3949,IT Consultants Limited,Bank,ITC, 11134, http://www.jamunabankbd.com,https://www.dsebd.org/displayCompany.php?name=JAMUNABANK
DSE-201-4012,Jamuna Bank Ltd.,Fuel & Power,JAMUNABANK, 15309, http://www.jamunaoil.gov.bd,https://www.dsebd.org/displayCompany.php?name=JAMUNAOIL
DSE-202-2490,Jamuna Oil Company Limited,Insurance,JAMUNAOIL, 25706, http://www.jiclbd.com,https://www.dsebd.org/displayCompany.php?name=JANATAINS
DSE-203-3674,Janata Insurance Company Ltd.,Pharmaceuticals & Chemicals,JANATAINS, 99644, http://www.jhrml-bd.com,https://www.dsebd.org/displayCompany.php?name=JHRML
DSE-204-7525,JMI Hospital Requisite Manufacturing Limited,Pharmaceuticals & Chemicals,JHRML, 18487, http://www.jmisyringe.com,https://www.dsebd.org/displayCompany.php?name=JMISMDL
DSE-205-1835,JMI Syringes & Medical Devices Ltd.,Jute,JMISMDL, 16355, ,https://www.dsebd.org/displayCompany.php?name=JUTESPINN
DSE-206-8588,Jute Spinners Ltd.,Insurance,JUTESPINN, 25710, http://www.kiclbd.com,https://www.dsebd.org/displayCompany.php?name=KARNAPHULI
DSE-207-4246,Karnaphuli Insurance Company Ltd.,Engineering,KARNAPHULI, 13222, http://www.kayandque.com,https://www.dsebd.org/displayCompany.php?name=KAY&QUE
DSE-208-9098,Kay & Que (Bangladesh,Miscellaneous,KAY&QUE, 99639, http://www.kbgbd.com,https://www.dsebd.org/displayCompany.php?name=KBPPWBIL
DSE-209-7495,Khan Brothers PP Woven Bag Industries Limited,Engineering,KBPPWBIL, 13240, http://www.kdsaccessories.com,https://www.dsebd.org/displayCompany.php?name=KDSALTD
DSE-210-9357,KDS Accessories Limited,Pharmaceuticals & Chemicals,KDSALTD, 18477, http://www.keyagroupbd.com,https://www.dsebd.org/displayCompany.php?name=KEYACOSMET
DSE-211-4931,Keya Cosmetics Ltd.,Pharmaceuticals & Chemicals,KEYACOSMET, 18463, http://www.kohinoor-bd.com,https://www.dsebd.org/displayCompany.php?name=KOHINOOR
DSE-212-4966,Kohinoor Chemicals Company (Bangladesh,Fuel & Power,KOHINOOR, 15312, http://www.khulnapower.com,https://www.dsebd.org/displayCompany.php?name=KPCL
DSE-213-5380,Khulna Power Company Limited,Paper & Printing,KPCL, 19511, http://www.lockpurgroup.org,https://www.dsebd.org/displayCompany.php?name=KPPL
DSE-214-8143,Khulna Printing & Packaging Limited,Textile,KPPL, 17480, http://www.ktlbd.com,https://www.dsebd.org/displayCompany.php?name=KTL
DSE-215-8562,Kattali Textile Limited,Financial Institutions,KTL, 11135, http://www.lankabangla.com,https://www.dsebd.org/displayCompany.php?name=LANKABAFIN
DSE-216-6555,LankaBangla Finance PLC,Tannery Industries,LANKABAFIN, 23636, http://www.legacyfootwearltd.com,https://www.dsebd.org/displayCompany.php?name=LEGACYFOOT
DSE-217-8644,Legacy Footwear Ltd.,Cement,LEGACYFOOT, 21643, http://www.lafargeholcim.com.bd,https://www.dsebd.org/displayCompany.php?name=LHBL
DSE-218-2459,LafargeHolcim Bangladesh Limited,Pharmaceuticals & Chemicals,LHBL, 18471, http://www.libragroupbd.com,https://www.dsebd.org/displayCompany.php?name=LIBRAINFU
DSE-219-9928,Libra Infusions Limited,Fuel & Power,LIBRAINFU, 15301, http://www.linde.com.bd,https://www.dsebd.org/displayCompany.php?name=LINDEBD
DSE-220-6854,Linde Bangladesh Limited,Food & Allied,LINDEBD, 14296, http://www.taufikagroup.com,https://www.dsebd.org/displayCompany.php?name=LOVELLO
DSE-221-7432,Taufika Foods and Lovello Ice-cream PLC,Fuel & Power,LOVELLO, 15323, http://www.lub-rref.com,https://www.dsebd.org/displayCompany.php?name=LRBDL
DSE-222-7919,Lub-rref (Bangladesh,Mutual Funds,LRBDL, 12188, http://www.lrglobalbd.com,https://www.dsebd.org/displayCompany.php?name=LRGLOBMF1
DSE-223-8579,LR Global Bangladesh Mutual Fund One,Textile,LRGLOBMF1, 17448, http://www.maksonsgroup.com.bd,https://www.dsebd.org/displayCompany.php?name=MAKSONSPIN
DSE-224-9833,Maksons Spinning Mills Limited,Textile,MAKSONSPIN, 17451, http://www.malekspinning.com,https://www.dsebd.org/displayCompany.php?name=MALEKSPIN
DSE-225-5033,Malek Spinning Mills Ltd.,Pharmaceuticals & Chemicals,MALEKSPIN, 18481, http://www.marico.com/bangladesh,https://www.dsebd.org/displayCompany.php?name=MARICO
DSE-226-6364,Marico Bangladesh Limited,Textile,MARICO, 17460, http://www.matinspinning.com,https://www.dsebd.org/displayCompany.php?name=MATINSPINN
DSE-227-6919,Matin Spinning Mills PLC,Mutual Funds,MATINSPINN, 12184, http://www.lrglobalbd.com,https://www.dsebd.org/displayCompany.php?name=MBL1STMF
DSE-228-6357,MBL 1st Mutual Fund,Food & Allied,MBL1STMF, 14290, http://www.meghnagroupbd.com,https://www.dsebd.org/displayCompany.php?name=MEGCONMILK
DSE-229-8534,Meghna Condensed Milk Industries Ltd.,Cement,MEGCONMILK, 21622, http://www.meghnacement.com/,https://www.dsebd.org/displayCompany.php?name=MEGHNACEM
DSE-230-4638,Meghna Cement Mills Ltd.,Insurance,MEGHNACEM, 25754, http://www.micl.com.bd,https://www.dsebd.org/displayCompany.php?name=MEGHNAINS
DSE-231-1529,Meghna Insurance Company Limited,Insurance,MEGHNAINS, 25726, http://www.meghnalife.com,https://www.dsebd.org/displayCompany.php?name=MEGHNALIFE
DSE-232-4100,Meghna Life Insurance Co. Ltd.,Food & Allied,MEGHNALIFE, 14287, http://www.meghnagroupbd.com,https://www.dsebd.org/displayCompany.php?name=MEGHNAPET
DSE-233-3234,Meghna Pet Industries Ltd.,Bank,MEGHNAPET, 11128, http://www.mblbd.com,https://www.dsebd.org/displayCompany.php?name=MERCANBANK
DSE-234-1593,Mercantile Bank Ltd.,Insurance,MERCANBANK, 25721, http://www.miiplc.com,https://www.dsebd.org/displayCompany.php?name=MERCINS
DSE-235-3824,Mercantile Islami Insurance PLC,Textile,MERCINS, 17447, http://www.maksonsgroup.com.bd,https://www.dsebd.org/displayCompany.php?name=METROSPIN
DSE-236-9102,Metro Spinning Ltd.,Textile,METROSPIN, 17459, http://www.simgroup-bd.com,https://www.dsebd.org/displayCompany.php?name=MHSML
DSE-237-4815,Mozaffar Hossain Spinning Mills Ltd.,Financial Institutions,MHSML, 11122, http://www.mfl.com.bd,https://www.dsebd.org/displayCompany.php?name=MIDASFIN
DSE-238-4299,MIDAS Financing Ltd.,Bank,MIDASFIN, 11154, http://www.midlandbankbd.net,https://www.dsebd.org/displayCompany.php?name=MIDLANDBNK
DSE-239-5857,Midland Bank Limited,Miscellaneous,MIDLANDBNK, 99637, http://www.miracle.com.bd,https://www.dsebd.org/displayCompany.php?name=MIRACLEIND
DSE-240-3942,Miracle Industries Ltd.,Engineering,MIRACLEIND, 13250, http://www.mirakhter.net,https://www.dsebd.org/displayCompany.php?name=MIRAKHTER
DSE-241-3363,Mir Akhter Hossain Limited,Textile,MIRAKHTER, 17424, http://www.mkdl-cepz.com.bd,https://www.dsebd.org/displayCompany.php?name=MITHUNKNIT
DSE-242-1795,Mithun Knitting and Dyeing Ltd.,Fuel & Power,MITHUNKNIT, 15314, http://www.mjlbl.com,https://www.dsebd.org/displayCompany.php?name=MJLBD
DSE-243-5069,MJL Bangladesh PLC.,Textile,MJLBD, 17479, http://www.mldyeing.com,https://www.dsebd.org/displayCompany.php?name=MLDYEING
DSE-244-1694,M.L. Dyeing Limited,Engineering,MLDYEING, 13209, http://monno.rakplanet.com,https://www.dsebd.org/displayCompany.php?name=MONNOAGML
DSE-245-8382,Monno Agro & General Machinery Limited,Ceramics Sector,MONNOAGML, 24606, http://monno.rakplanet.com,https://www.dsebd.org/displayCompany.php?name=MONNOCERA
DSE-246-4406,Monno Ceramic Industries Ltd.,Textile,MONNOCERA, 17439, http://monno.rakplanet.com,https://www.dsebd.org/displayCompany.php?name=MONNOFABR
DSE-247-5639,Monno Fabrics Limited,Paper & Printing,MONNOFABR, 19505, https://mpmc.com.bd,https://www.dsebd.org/displayCompany.php?name=MONOSPOOL
DSE-248-9948,Bangladesh Monospool Paper Manufacturing Co. Limited,Fuel & Power,MONOSPOOL, 15310, http://www.mpl.gov.bd,https://www.dsebd.org/displayCompany.php?name=MPETROLEUM
DSE-249-9864,Meghna Petroleum Limited,Bank,MPETROLEUM, 11123, http://www.mutualtrustbank.com,https://www.dsebd.org/displayCompany.php?name=MTB
DSE-250-5231,Mutual Trust Bank Ltd.,Engineering,MTB, 13244, http://www.nahee.com.bd,https://www.dsebd.org/displayCompany.php?name=NAHEEACP
DSE-251-9908,Nahee Aluminum Composite Panel Ltd.,Insurance,NAHEEACP, 25712, http://www.nlibd.com,https://www.dsebd.org/displayCompany.php?name=NATLIFEINS
DSE-252-1947,National Life Insurance Company Ltd.,Engineering,NATLIFEINS, 13228, http://www.navanacng.com,https://www.dsebd.org/displayCompany.php?name=NAVANACNG
DSE-253-2174,Navana CNG Limited,Pharmaceuticals & Chemicals,NAVANACNG, 18497, http://www.navanapharma.com,https://www.dsebd.org/displayCompany.php?name=NAVANAPHAR
DSE-254-5702,Navana Pharmaceuticals Limited,Bank,NAVANAPHAR, 11105, http://www.nblbd.com,https://www.dsebd.org/displayCompany.php?name=NBL
DSE-255-6218,National Bank Ltd.,Bank,NBL, 11119, http://www.nccbank.com.bd,https://www.dsebd.org/displayCompany.php?name=NCCBANK
DSE-256-1138,National Credit and Commerce Bank Ltd.,Mutual Funds,NCCBANK, 12192, http://www.lrglobalbd.com,https://www.dsebd.org/displayCompany.php?name=NCCBLMF1
DSE-257-8471,NCCBL Mutual Fund-1,Textile,NCCBLMF1, 17482, http://www.newline.com.bd,https://www.dsebd.org/displayCompany.php?name=NEWLINE
DSE-258-5099,New Line Clothings Limited,Miscellaneous,NEWLINE, 99640, http://www.nationalgroup-bd.com,https://www.dsebd.org/displayCompany.php?name=NFML
DSE-259-7503,National Feed Mill Limited,Financial Institutions,NFML, 20623, http://www.nationalhousingbd.com,https://www.dsebd.org/displayCompany.php?name=NHFIL
DSE-260-1318,National Housing Fin. and Inv. Ltd.,Insurance,NHFIL, 25727, http://www.nitolinsurance.com,https://www.dsebd.org/displayCompany.php?name=NITOLINS
DSE-261-3849,Nitol Insurance Co. Ltd.,Jute,NITOLINS, 16357, http://www.northernjute.com,https://www.dsebd.org/displayCompany.php?name=NORTHERN
DSE-262-3247,Northern Jute Manufacturing Co. Ltd.,Insurance,NORTHERN, 25738, http://www.niil.com.bd,https://www.dsebd.org/displayCompany.php?name=NORTHRNINS
DSE-263-5445,Northern Islami Insurance Limited,Engineering,NORTHRNINS, 13469, http://www.nationalpolymer.net,https://www.dsebd.org/displayCompany.php?name=NPOLYMER
DSE-264-6301,National Polymer Industries PLC.,Bank,NPOLYMER, 11150, http://www.nrbcommercialbank.com,https://www.dsebd.org/displayCompany.php?name=NRBCBANK
DSE-265-2198,NRB Commercial Bank Limited,Food & Allied,NRBCBANK, 14263, http://www.ntclbd.org,https://www.dsebd.org/displayCompany.php?name=NTC
DSE-266-2736,National Tea Company Ltd.,Engineering,NTC, 13218, http://www.ntl.gov.bd,https://www.dsebd.org/displayCompany.php?name=NTLTUBES
DSE-267-8345,National Tubes Limited,Textile,NTLTUBES, 17475, http://www.ndsl-bd.com,https://www.dsebd.org/displayCompany.php?name=NURANI
DSE-268-2813,Nurani Dyeing & Sweater Limited,Engineering,NURANI, 13239, http://www.olympicaccessoriesbd.com,https://www.dsebd.org/displayCompany.php?name=OAL
DSE-269-6431,Olympic Accessories Limited,Engineering,OAL, 13243, http://www.oimexelectrodes.com,https://www.dsebd.org/displayCompany.php?name=OIMEX
DSE-270-9332,Oimex Electrode Limited,Food & Allied,OIMEX, 13203, http://www.olympicbd.com,https://www.dsebd.org/displayCompany.php?name=OLYMPIC
DSE-271-4743,Olympic Industries Ltd.,Bank,OLYMPIC, 11126, http://www.onebank.com.bd,https://www.dsebd.org/displayCompany.php?name=ONEBANKLTD
DSE-272-3484,One Bank Limited,Pharmaceuticals & Chemicals,ONEBANKLTD, 18472, http://www.orioninfusion.com,https://www.dsebd.org/displayCompany.php?name=ORIONINFU
DSE-273-9123,Orion Infusion Ltd.,Pharmaceuticals & Chemicals,ORIONINFU, 18486, http://www.orionpharmabd.com,https://www.dsebd.org/displayCompany.php?name=ORIONPHARM
DSE-274-9709,Orion Pharma Ltd.,Insurance,ORIONPHARM, 25745, http://www.padmaislamilife.com,https://www.dsebd.org/displayCompany.php?name=PADMALIFE
DSE-275-1974,Padma Islami Life Insurance Limited,Fuel & Power,PADMALIFE, 15302, http://www.pocl.gov.bd,https://www.dsebd.org/displayCompany.php?name=PADMAOIL
DSE-276-3823,Padma Oil Co. Ltd.,Paper & Printing,PADMAOIL, 19506, http://www.pppl.com.bd,https://www.dsebd.org/displayCompany.php?name=PAPERPROC
DSE-277-5621,Paper Processing & Packaging Limited,Insurance,PAPERPROC, 25733, http://www.paramountinsurancebd.com,https://www.dsebd.org/displayCompany.php?name=PARAMOUNT
DSE-278-7578,Paramount Insurance Company Ltd.,Corporate Bond,PARAMOUNT, 26010, ,https://www.dsebd.org/displayCompany.php?name=PBLPBOND
DSE-279-3422,Pubali Bank Perpetual Bond,Textile,PBLPBOND, 17473, http://www.pgbd.org,https://www.dsebd.org/displayCompany.php?name=PDL
DSE-280-2290,Pacific Denims Limited,Travel & Leisure,PDL, 29003, http://www.peninsulactg.com/investors,https://www.dsebd.org/displayCompany.php?name=PENINSULA
DSE-281-6477,The Peninsula Chittagong Limited,Insurance,PENINSULA, 25704, http://www.peoplesinsurancebd.com,https://www.dsebd.org/displayCompany.php?name=PEOPLESINS
DSE-282-3640,Peoples Insurance Company Ltd.,Mutual Funds,PEOPLESINS, 12176, http://www.icbamcl.com.bd,https://www.dsebd.org/displayCompany.php?name=PF1STMF
DSE-283-8804,Phoenix Finance 1st Mutual Fund,Pharmaceuticals & Chemicals,PF1STMF, 18462, http://www.pharmaaids.com,https://www.dsebd.org/displayCompany.php?name=PHARMAID
DSE-284-6933,Pharma Aids,Insurance,PHARMAID, 25707, http://www.phoenixinsurance.com.bd,https://www.dsebd.org/displayCompany.php?name=PHENIXINS
DSE-285-6909,Phoenix Insurance Company Ltd.,Financial Institutions,PHENIXINS, 11144, http://www.phoenixfinance.com.bd,https://www.dsebd.org/displayCompany.php?name=PHOENIXFIN
DSE-286-7183,Phoenix Finance and Investments Ltd.,Mutual Funds,PHOENIXFIN, 12182, http://www.phpmf1.com/,https://www.dsebd.org/displayCompany.php?name=PHPMF1
DSE-287-4784,PHP First Mutual Fund,Insurance,PHPMF1, 25720, http://www.pioneerinsurance.com.bd,https://www.dsebd.org/displayCompany.php?name=PIONEERINS
DSE-288-5615,Pioneer Insurance Company Ltd.,Financial Institutions,PIONEERINS, 11130, http://plfsbd.com,https://www.dsebd.org/displayCompany.php?name=PLFSL
DSE-289-8199,Peoples Leasing and Fin. Services Ltd.,Mutual Funds,PLFSL, 12180, http://www.popular1mf.com/,https://www.dsebd.org/displayCompany.php?name=POPULAR1MF
DSE-290-7681,Popular Life First Mutual Fund,Insurance,POPULAR1MF, 25724, http://www.popularlifeins.com,https://www.dsebd.org/displayCompany.php?name=POPULARLIF
DSE-291-1730,Popular Life Insurance Co. Ltd.,Fuel & Power,POPULARLIF, 15308, http://www.pgcb.gov.bd,https://www.dsebd.org/displayCompany.php?name=POWERGRID
DSE-292-4254,Power Grid Company of Bangladesh Ltd.,Insurance,POWERGRID, 25717, http://www.pragatiinsurance.com,https://www.dsebd.org/displayCompany.php?name=PRAGATIINS
DSE-293-2668,Pragati Insurance Ltd,Insurance,PRAGATIINS, 25731, http://www.pragatilife.com,https://www.dsebd.org/displayCompany.php?name=PRAGATILIF
DSE-294-8041,Pragati Life Insurance Ltd.,Corporate Bond,PRAGATILIF, 26009, ,https://www.dsebd.org/displayCompany.php?name=PREBPBOND
DSE-295-1373,Premier Bank Perpetual Bond,Bank,PREBPBOND, 11140, http://www.premierbankltd.com,https://www.dsebd.org/displayCompany.php?name=PREMIERBAN
DSE-296-6906,Premier Bank Ltd.,Cement,PREMIERBAN, 21645, http://premiercement.com,https://www.dsebd.org/displayCompany.php?name=PREMIERCEM
DSE-297-6516,Premier Cement Mills PLC,Financial Institutions,PREMIERCEM, 11132, http://www.premierleasing.com.bd,https://www.dsebd.org/displayCompany.php?name=PREMIERLEA
DSE-298-2630,Premier Leasing & Finance Limited,Mutual Funds,PREMIERLEA, 12173, http://www.icbamcl.com.bd,https://www.dsebd.org/displayCompany.php?name=PRIME1ICBA
DSE-299-1897,Prime Bank 1st ICB AMCL Mutual Fund,Bank,PRIME1ICBA, 11116, https://www.primebank.com.bd/,https://www.dsebd.org/displayCompany.php?name=PRIMEBANK
DSE-300-8821,Prime Bank Ltd.,Financial Institutions,PRIMEBANK, 11131, http://www.primefinancebd.com,https://www.dsebd.org/displayCompany.php?name=PRIMEFIN
DSE-301-5913,Prime Finance & Investment Ltd.,Insurance,PRIMEFIN, 25719, http://www.prime-insurance.net,https://www.dsebd.org/displayCompany.php?name=PRIMEINSUR
DSE-302-9702,Prime Insurance Company Ltd.,Insurance,PRIMEINSUR, 25732, http://www.primeislamilife.com,https://www.dsebd.org/displayCompany.php?name=PRIMELIFE
DSE-303-3271,Prime Islami Life Insurance Ltd.,Textile,PRIMELIFE, 17434, http://www.primegroup.com.bd,https://www.dsebd.org/displayCompany.php?name=PRIMETEX
DSE-304-6900,Prime Textile Spinning Mills Limited,Insurance,PRIMETEX, 25728, http://www.progressivelife.com.bd,https://www.dsebd.org/displayCompany.php?name=PROGRESLIF
DSE-305-6407,Progressive Life Insurance Co. Ltd.,Insurance,PROGRESLIF, 25743, http://provatiinsurance.com,https://www.dsebd.org/displayCompany.php?name=PROVATIINS
DSE-306-1199,Provati Insurance Company Limited,Textile,PROVATIINS, 17458, http://www.paramountgroupbd.com,https://www.dsebd.org/displayCompany.php?name=PTL
DSE-307-6145,Paramount Textile PLC.,Bank,PTL, 11106, http://www.pubalibangla.com,https://www.dsebd.org/displayCompany.php?name=PUBALIBANK
DSE-308-7337,Pubali Bank Ltd.,Insurance,PUBALIBANK, 25715, http://www.purabiinsurance.org,https://www.dsebd.org/displayCompany.php?name=PURABIGEN
DSE-309-8991,Purabi Gen. Insurance Company Ltd.,Engineering,PURABIGEN, 13214, http://www.quasemindustries.com,https://www.dsebd.org/displayCompany.php?name=QUASEMIND
DSE-310-2280,Quasem Industries Ltd.,Textile,QUASEMIND, 17476, http://www.qstmills.com,https://www.dsebd.org/displayCompany.php?name=QUEENSOUTH
DSE-311-7842,Queen South Textile Mills Limited,Food & Allied,QUEENSOUTH, 14281, http://www.rahimafood.com,https://www.dsebd.org/displayCompany.php?name=RAHIMAFOOD
DSE-312-5020,Rahima Food Corporation Limited,Textile,RAHIMAFOOD, 17410, http://www.rahimtextile.com,https://www.dsebd.org/displayCompany.php?name=RAHIMTEXT
DSE-313-7599,Rahim Textile Mills Ltd.,Ceramics Sector,RAHIMTEXT, 24634, http://www.rakceramics.com/bangladesh,https://www.dsebd.org/displayCompany.php?name=RAKCERAMIC
DSE-314-1299,RAK Ceramics (Bangladesh,Engineering,RAKCERAMIC, 13224, https://www.rangpurfoundry.com/,https://www.dsebd.org/displayCompany.php?name=RANFOUNDRY
DSE-315-2201,Rangpur Foundry Ltd.,Food & Allied,RANFOUNDRY, 14293, http://www.rdmilk.com,https://www.dsebd.org/displayCompany.php?name=RDFOOD
DSE-316-6294,Rangpur Dairy & Food Products Ltd.,Pharmaceuticals & Chemicals,RDFOOD, 18460, https://www.reckitt.com/about-us/reckitt-bangladesh/,https://www.dsebd.org/displayCompany.php?name=RECKITTBEN
DSE-317-9908,Reckitt Benckiser (Bangladesh,Textile,RECKITTBEN, 17470, http://www.regenttex.com,https://www.dsebd.org/displayCompany.php?name=REGENTTEX
DSE-318-6099,Regent Textile Mills Limited,Mutual Funds,REGENTTEX, 12187, http://www.aims-bangladesh.com,https://www.dsebd.org/displayCompany.php?name=RELIANCE1
DSE-319-1063,Reliance One the first scheme of Reliance Insurance Mutual Fund,Insurance,RELIANCE1, 25714, http://www.reliance.com.bd,https://www.dsebd.org/displayCompany.php?name=RELIANCINS
DSE-320-2984,Reliance Insurance Ltd.,Pharmaceuticals & Chemicals,RELIANCINS, 18457, http://www.renata-ltd.com,https://www.dsebd.org/displayCompany.php?name=RENATA
DSE-321-1666,Renata Ltd.,Engineering,RENATA, 13215, http://rjc.bsfic.gov.bd,https://www.dsebd.org/displayCompany.php?name=RENWICKJA
DSE-322-1849,Renwick Jajneswar & Co (Bd,Insurance,RENWICKJA, 25739, http://www.riclbd.com,https://www.dsebd.org/displayCompany.php?name=REPUBLIC
DSE-323-2849,Republic Insurance Company Limited,Textile,REPUBLIC, 17483, http://www.ringshine.com,https://www.dsebd.org/displayCompany.php?name=RINGSHINE
DSE-324-9834,Ring Shine Textiles Limited,Textile,RINGSHINE, 17450, http://www.rnspinningmills.com,https://www.dsebd.org/displayCompany.php?name=RNSPIN
DSE-325-1515,R.N. Spinning Mills Limited,Telecommunication,RNSPIN, 27003, http://www.robi.com.bd,https://www.dsebd.org/displayCompany.php?name=ROBI
DSE-326-3158,Robi Axiata Limited,Engineering,ROBI, 13235, http://www.rsrmbd.com,https://www.dsebd.org/displayCompany.php?name=RSRMSTEEL
DSE-327-1987,Ratanpur Steel Re-Rolling Mills Limited,Engineering,RSRMSTEEL, 13246, http://www.runnerbd.com,https://www.dsebd.org/displayCompany.php?name=RUNNERAUTO
DSE-328-4854,Runner Automobiles PLC,Bank,RUNNERAUTO, 11107, http://www.rupalibank.org,https://www.dsebd.org/displayCompany.php?name=RUPALIBANK
DSE-329-9812,Rupali Bank Ltd.,Insurance,RUPALIBANK, 25711, http://www.rupaliinsurance.com,https://www.dsebd.org/displayCompany.php?name=RUPALIINS
DSE-330-9192,Rupali Insurance Company Ltd.,Insurance,RUPALIINS, 25741, http://www.rupalilife.com,https://www.dsebd.org/displayCompany.php?name=RUPALILIFE
DSE-331-1589,Rupali Life Insurance Company Limited,Textile,RUPALILIFE, 17445, http://www.saiham-safko.com,https://www.dsebd.org/displayCompany.php?name=SAFKOSPINN
DSE-332-9755,Safko Spinnings Mills Ltd.,Services & Real Estate,SAFKOSPINN, 20625, http://www.saifpowertecltd.com,https://www.dsebd.org/displayCompany.php?name=SAIFPOWER
DSE-333-4264,SAIF Powertec Limited,Textile,SAIFPOWER, 17453, http://www.saihamcotton.com,https://www.dsebd.org/displayCompany.php?name=SAIHAMCOT
DSE-334-7177,Saiham Cotton Mills Limited,Textile,SAIHAMCOT, 17412, http://www.saihamtextile.com,https://www.dsebd.org/displayCompany.php?name=SAIHAMTEX
DSE-335-2598,Saiham Textile Mills Ltd.,Engineering,SAIHAMTEX, 13225, http://www.s.alamgroupbd.com,https://www.dsebd.org/displayCompany.php?name=SALAMCRST
DSE-336-8392,S. Alam Cold Rolled Steels Ltd.,Pharmaceuticals & Chemicals,SALAMCRST, 18484, http://www.salvochemical.com,https://www.dsebd.org/displayCompany.php?name=SALVOCHEM
DSE-337-7939,Salvo Chemical Industry Limited,Tannery Industries,SALVOCHEM, 23634, http://www.samataleather.com/,https://www.dsebd.org/displayCompany.php?name=SAMATALETH
DSE-338-1783,Samata Leather Complex Ltd.,Services & Real Estate,SAMATALETH, 20553, http://www.samoritahospital.org,https://www.dsebd.org/displayCompany.php?name=SAMORITA
DSE-339-1633,Samorita Hospital Limited,Insurance,SAMORITA, 25718, http://www.sandhanilife.com,https://www.dsebd.org/displayCompany.php?name=SANDHANINS
DSE-340-4708,Sandhani Life Insurance Company Ltd.,Services & Real Estate,SANDHANINS, 20622, http://www.saplbd.com,https://www.dsebd.org/displayCompany.php?name=SAPORTL
DSE-341-1420,Summit Alliance Port Limited,Miscellaneous,SAPORTL, 99611, http://savar-ref.com,https://www.dsebd.org/displayCompany.php?name=SAVAREFR
DSE-342-2172,Savar Refractories Limited,Bank,SAVAREFR, 11151, http://www.sbacbank.com,https://www.dsebd.org/displayCompany.php?name=SBACBANK
DSE-343-5366,South Bangla Agriculture & Commerce Bank Limited,Travel & Leisure,SBACBANK, 29004, https://seapearl.com.bd,https://www.dsebd.org/displayCompany.php?name=SEAPEARL
DSE-344-5859,Sea Pearl Beach Resort & Spa Limited,Mutual Funds,SEAPEARL, 12203, http://www.strategic-bd.com,https://www.dsebd.org/displayCompany.php?name=SEMLFBSLGF
DSE-345-4451,SEML FBLSL Growth Fund,Mutual Funds,SEMLFBSLGF, 12200, http://www.strategic-bd.com,https://www.dsebd.org/displayCompany.php?name=SEMLIBBLSF
DSE-346-8767,SEML IBBL Shariah Fund,Mutual Funds,SEMLIBBLSF, 12196, http://www.strategic-bd.com,https://www.dsebd.org/displayCompany.php?name=SEMLLECMF
DSE-347-5076,SEML Lecture Equity Management Fund,Bank,SEMLLECMF, 11139, http://www.sjiblbd.com,https://www.dsebd.org/displayCompany.php?name=SHAHJABANK
DSE-348-8767,Shahjalal Islami Bank Ltd.,Textile,SHAHJABANK, 17466, http://www.shashadenims.com,https://www.dsebd.org/displayCompany.php?name=SHASHADNIM
DSE-349-4530,Shasha Denims Limited,Textile,SHASHADNIM, 17474, http://www.shepherdbd.com,https://www.dsebd.org/displayCompany.php?name=SHEPHERD
DSE-350-4302,Shepherd Industries PLC,Engineering,SHEPHERD, 13234, http://www.shurwid.org,https://www.dsebd.org/displayCompany.php?name=SHURWID
DSE-351-4381,Shurwid Industries Limited,Food & Allied,SHURWID, 14279, http://shsm.bsfic.gov.bd,https://www.dsebd.org/displayCompany.php?name=SHYAMPSUG
DSE-352-2934,Shyampur Sugar Mills Ltd.,Bank,SHYAMPSUG, 11120, http://www.siblbd.com,https://www.dsebd.org/displayCompany.php?name=SIBL
DSE-353-2964,Social Islami Bank Limited,Pharmaceuticals & Chemicals,SIBL, 18495, http://www.silcopharma.com/,https://www.dsebd.org/displayCompany.php?name=SILCOPHL
DSE-354-9823,Silco Pharmaceuticals Limited,Pharmaceuticals & Chemicals,SILCOPHL, 18493, http://www.silvapharma.com,https://www.dsebd.org/displayCompany.php?name=SILVAPHL
DSE-355-2804,Silva Pharmaceuticals Limited,Textile,SILVAPHL, 17469, http://www.simtexgroup.com,https://www.dsebd.org/displayCompany.php?name=SIMTEX
DSE-356-1455,Simtex Industries Limited,Engineering,SIMTEX, 13211, http://www.singerbd.com,https://www.dsebd.org/displayCompany.php?name=SINGERBD
DSE-357-7084,Singer Bangladesh Limited,Miscellaneous,SINGERBD, 99635, http://www.sinobangla.com,https://www.dsebd.org/displayCompany.php?name=SINOBANGLA
DSE-358-4780,Sinobangla Industries Ltd.,Corporate Bond,SINOBANGLA, 26007, ,https://www.dsebd.org/displayCompany.php?name=SJIBLPBOND
DSE-359-1564,SJIBL Mudaraba Perpetual Bond,Insurance,SJIBLPBOND, 25752, http://www.senakalyanicl.com,https://www.dsebd.org/displayCompany.php?name=SKICL
DSE-360-9868,Sena Kalyan Insurance Company Limited,Miscellaneous,SKICL, 99642, http://www.sktrimsin.com,https://www.dsebd.org/displayCompany.php?name=SKTRIMS
DSE-361-2408,SK Trims & Industries Limited,Jute,SKTRIMS, 16360, http://www.sonaliaansh.com,https://www.dsebd.org/displayCompany.php?name=SONALIANSH
DSE-362-4465,Sonali Aansh Industries Limited,Insurance,SONALIANSH, 25751, http://www.sonalilife.com,https://www.dsebd.org/displayCompany.php?name=SONALILIFE
DSE-363-5893,Sonali Life Insurance Company Limited,Paper & Printing,SONALILIFE, 19503, http://spbmlbd.com,https://www.dsebd.org/displayCompany.php?name=SONALIPAPR
DSE-364-4032,Sonali Paper & Board Mills Ltd.,Insurance,SONALIPAPR, 25730, http://www.sonarbanglainsurance.com,https://www.dsebd.org/displayCompany.php?name=SONARBAINS
DSE-365-3383,Sonar Bangla Insurance Ltd.,Textile,SONARBAINS, 17430, http://www.khansonsgroupbd.com,https://www.dsebd.org/displayCompany.php?name=SONARGAON
DSE-366-1951,Sonargaon Textiles Ltd.,Bank,SONARGAON, 11117, http://www.southeastbank.com.bd,https://www.dsebd.org/displayCompany.php?name=SOUTHEASTB
DSE-367-7078,Southeast Bank Ltd.,Ceramics Sector,SOUTHEASTB, 24633, http://www.shinepukur.com,https://www.dsebd.org/displayCompany.php?name=SPCERAMICS
DSE-368-4132,Shinepukur Ceramics Limited,Fuel & Power,SPCERAMICS, 15317, http://www.youthbd.com,https://www.dsebd.org/displayCompany.php?name=SPCL
DSE-369-4419,Shahjibazar Power Co. Ltd.,Textile,SPCL, 17446, https://textile.squaregroup.com/,https://www.dsebd.org/displayCompany.php?name=SQUARETEXT
DSE-370-3201,Square Textiles Ltd.,Pharmaceuticals & Chemicals,SQUARETEXT, 18473, http://www.squarepharma.com.bd,https://www.dsebd.org/displayCompany.php?name=SQURPHARMA
DSE-371-6191,Square Pharmaceuticals Ltd.,Engineering,SQURPHARMA, 13245, http://www.sssteel.biz,https://www.dsebd.org/displayCompany.php?name=SSSTEEL
DSE-372-5999,S. S. Steel Limited,Ceramics Sector,SSSTEEL, 24626, http://www.standardceramic.net,https://www.dsebd.org/displayCompany.php?name=STANCERAM
DSE-373-6438,Standard Ceramic Industries Ltd.,Insurance,STANCERAM, 25737, http://www.standardinsurance.com.bd,https://www.dsebd.org/displayCompany.php?name=STANDARINS
DSE-374-3560,Standard Insurance Limited,Bank,STANDARINS, 11125, http://www.standardbankbd.com/,https://www.dsebd.org/displayCompany.php?name=STANDBANKL
DSE-375-4605,Standard Bank Limited,Textile,STANDBANKL, 17408, http://www.stylecraftltd.com,https://www.dsebd.org/displayCompany.php?name=STYLECRAFT
DSE-376-1665,Stylecraft Limited,Fuel & Power,STYLECRAFT, 15306, http://www.summitpowerinternational.com/SPL,https://www.dsebd.org/displayCompany.php?name=SUMITPOWER
DSE-377-3920,Summit Power Limited,Insurance,SUMITPOWER, 25746, http://www.sunlifeinsbd.com,https://www.dsebd.org/displayCompany.php?name=SUNLIFEINS
DSE-378-1855,Sunlife Insurance Company Limited,Insurance,SUNLIFEINS, 25736, http://www.takaful.com.bd,https://www.dsebd.org/displayCompany.php?name=TAKAFULINS
DSE-379-5228,Takaful Islami Insurance Limited,Textile,TAKAFULINS, 17417, http://www.tsml.com.bd,https://www.dsebd.org/displayCompany.php?name=TALLUSPIN
DSE-380-3532,Tallu Spinning Mills Ltd.,Insurance,TALLUSPIN, 88305, http://www.trustislamilife.com,https://www.dsebd.org/displayCompany.php?name=TB5Y1225
DSE-381-8107,Tamijuddin Textile Mills PLC,Fuel & Power,TB5Y1225, 25757, http://www.titasgas.org.bd,https://www.dsebd.org/displayCompany.php?name=TILIL
DSE-382-9548,Trust Islami Life Insurance Limited,Textile,TILIL, 15311, http://www.til.com.bd,https://www.dsebd.org/displayCompany.php?name=TITASGAS
DSE-383-1787,Titas Gas Transmission & Dist. Co. Ltd.,Mutual Funds,TITASGAS, 17468, http://www.trustb1mf.com/,https://www.dsebd.org/displayCompany.php?name=TOSRIFA
DSE-384-9187,Tosrifa Industries Limited,Bank,TOSRIFA, 12172, http://www.tblbd.com,https://www.dsebd.org/displayCompany.php?name=TRUSTB1MF
DSE-385-8878,Trust Bank 1st Mutual Fund,Textile,TRUSTB1MF, 11145, ,https://www.dsebd.org/displayCompany.php?name=TRUSTBANK
DSE-386-1060,Trust Bank Limited,Bank,TRUSTBANK, 17463, http://www.ucb.com.bd,https://www.dsebd.org/displayCompany.php?name=TUNGHAI
DSE-387-5717,Tung Hai Knitting & Dyeing Limited,Food & Allied,TUNGHAI, 11108, https://www.unilever.com/UCL-bd.html,https://www.dsebd.org/displayCompany.php?name=UCB
DSE-388-6743,United Commercial Bank Ltd.,Bank,UCB, 18454, http://www.unionbank.com.bd,https://www.dsebd.org/displayCompany.php?name=UNILEVERCL
DSE-389-9034,Unilever Consumer Care Limited,Financial Institutions,UNILEVERCL, 11152, http://www.unicap-bd.com,https://www.dsebd.org/displayCompany.php?name=UNIONBANK
DSE-390-6255,Union Bank Limited,Insurance,UNIONBANK, 11141, http://www.unioninsurancebd.com,https://www.dsebd.org/displayCompany.php?name=UNIONCAP
DSE-391-9167,Union Capital Limited,Travel & Leisure,UNIONCAP, 25753, http://www.uhrlbd.com,https://www.dsebd.org/displayCompany.php?name=UNIONINS
DSE-392-8266,Union Insurance Company Limited,Financial Institutions,UNIONINS, 29002, http://www.unitedfinance.com.bd,https://www.dsebd.org/displayCompany.php?name=UNIQUEHRL
DSE-393-9050,Unique Hotel & Resorts PLC,Insurance,UNIQUEHRL, 11113, http://www.unitedinsurance.com.bd,https://www.dsebd.org/displayCompany.php?name=UNITEDFIN
DSE-394-2137,United Finance Limited,Fuel & Power,UNITEDFIN, 25703, http://www.unitedpowerbd.com,https://www.dsebd.org/displayCompany.php?name=UNITEDINS
DSE-395-7824,United Insurance Company Ltd.,Miscellaneous,UNITEDINS, 15318, http://www.ugsflbd.com,https://www.dsebd.org/displayCompany.php?name=UPGDCL
DSE-396-8216,United Power Generation & Distribution Company Ltd.,Bank,UPGDCL, 99608, http://www.uttarabank-bd.com,https://www.dsebd.org/displayCompany.php?name=USMANIAGL
DSE-397-2141,Usmania Glass Sheet Factory Limited,Financial Institutions,USMANIAGL, 11109, http://www.uttarafinance.biz,https://www.dsebd.org/displayCompany.php?name=UTTARABANK
DSE-398-2065,Uttara Bank Limited,Mutual Funds,UTTARABANK, 11114, http://www.vanguardaml.com,https://www.dsebd.org/displayCompany.php?name=UTTARAFIN
DSE-399-1408,Uttara Finance and Investments Limited,Mutual Funds,UTTARAFIN, 12197, http://www.vanguardaml.com,https://www.dsebd.org/displayCompany.php?name=VAMLBDMF1
DSE-400-7959,Vanguard AML BD Finance Mutual Fund One,Textile,VAMLBDMF1, 12198, http://www.vfsthread.com,https://www.dsebd.org/displayCompany.php?name=VAMLRBBF
DSE-401-4462,Vanguard AML Rupali Bank Balanced Fund,Engineering,VAMLRBBF, 17478, http://www.waltonhil.com,https://www.dsebd.org/displayCompany.php?name=VFSTDL
DSE-402-2314,VFS Thread Dyeing Limited,Pharmaceuticals & Chemicals,VFSTDL, 13248, http://www.watachemicals.com,https://www.dsebd.org/displayCompany.php?name=WALTONHIL
DSE-403-3985,Walton Hi-Tech Industries PLC,Engineering,WALTONHIL, 18467, http://www.wms.com.bd,https://www.dsebd.org/displayCompany.php?name=WATACHEM
DSE-404-2329,Wata Chemicals Limited,Engineering,WATACHEM, 13236, http://www.yeakinpolymerbd.com,https://www.dsebd.org/displayCompany.php?name=WMSHIPYARD
DSE-405-1331,Western Marine Shipyard Limited,Textile,WMSHIPYARD, 13241, https://zaheenspinningltd.com/ltd/index.php?id=60,https://www.dsebd.org/displayCompany.php?name=YPL
DSE-406-8112,Yeakin Polymer Limited,Textile,YPL, 17467, http://www.zahintex.com,https://www.dsebd.org/displayCompany.php?name=ZAHEENSPIN
DSE-407-1685,Zaheen Spinning Limited,Food & Allied,ZAHEENSPIN, 17452, http://zbsm.bsfic.gov.bd/,https://www.dsebd.org/displayCompany.php?name=ZAHINTEX
DSE-408-2367,Zahintex Industries Limited,Mutual Funds,ZAHINTEX, 14266, http://www.1janatamf.com/,https://www.dsebd.org/displayCompany.php?name=ZEALBANGLA
DSE-409-4327,Zeal Bangla Sugar Mills Ltd.,Mutual Funds,ZEALBANGLA, 12178, http://www.icbamcl.com.bd,https://www.dsebd.org/displayCompany.php?name=1JANATAMF
DSE-410-6077,First Janata Bank Mutual Fund,,1JANATAMF, 12168,,https://www.dsebd.org/displayCompany.php?name=1STPRIMFMF
DSE-411-3266,Prime Finance First Mutual Fund,,1STPRIMFMF,,,
